CityName,State_Capital,2010pop,2013pop,Growth,Form of Government,Median Income,Poverty,Nonwhite,Region,Subregion,Land Area Sq M,Density_pop_sq_km,FT_emp,FT_pay,PT_emp,PT_pay,FTE
AlbuquerqueNM,0,545852,556495,0.019497959,Mayor-Council,47989,0.165123715,0.287974799,West,Mountain,487347513,1141.88538,5991,33781588,1021,973418,6458
AlexandriaVA,0,139966,148892,0.06377263,Council-Manager,85706,0.07872832,0.359420673,South,South Atlantic,38977689,3819.928883,4745,28421407,978,1551625,5158
AllentownPA,0,118032,118577,0.004617392,Mayor-Council,35560,0.242837215,0.350881346,Northeast,Middle Atlantic,45448161,2609.060463,,,,,
AtlantaGA,1,420003,447841,0.066280479,Mayor-Council,46631,0.21976287,0.606610432,South,South Atlantic,344721741,1299.137672,7846,34806952,96,264745,7925
AuroraCO,0,325078,345803,0.06375393,Council-Manager,50987,0.151835827,0.345781504,West,Mountain,397605365,869.7141197,2629,14508083,24,36733,2642
AustinTX,1,790390,885400,0.12020648,Council-Manager,53946,0.174645076,0.268093929,Midwest,West South Central,809990131,1093.099738,12175,69012335,1434,1811934,12859
BaltimoreMD,0,620961,622104,0.001840695,Mayor-Council,41385,0.214516168,0.697315128,South,South Atlantic,209643555,2967.4368,24718,125085309,2235,1946501,25781
Baton RougeLA,1,229493,229426,-0.000291948,Mayor-Council,38593,0.230828248,0.606830863,Midwest,West South Central,222507691,1031.092449,,,,,
BerkeleyCA,0,112580,116768,0.037200213,Mayor-Council,63312,0.169173163,0.37639538,West,Pacific,27106077,4307.816288,1517,13654730,441,821420,1690
BirminghamAL,0,212237,212113,-0.000584253,Mayor-Council,31445,0.272940955,0.773216515,South,East South Central,378353942,560.6205631,4693,20815311,270,404776,4901
BoiseID,1,205671,214237,0.041649041,Mayor-Council,48524,0.144054624,0.100998446,West,Mountain,210958870,1015.53919,1499,7558697,349,293098,1635
BoulderCO,0,97468,103166,0.058460213,Council-Manager,56312,0.20555384,0.108565906,West,Mountain,64316918,1604.025865,981,6372464,130,358298,1072
BridgeportCT,0,144229,147216,0.020710121,Mayor-Council,41050,0.213308881,0.554445108,Northeast,New England,41591056,3539.607169,,,,,
BuffaloNY,0,261310,258959,-0.008996977,Mayor-Council,30942,0.276994873,0.498188573,Northeast,Middle Atlantic,104592941,2475.874543,8209,41948611,1658,2606682,8763
Cape CoralFL,0,154305,165831,0.074696219,Council-Manager,49170,0.131584762,0.089858915,South,South Atlantic,273638135,606.0229873,1259,5422962,388,194366,1393
CentennialCO,0,100377,106114,0.057154527,Mayor-Council,89214,0.049578563,0.131576127,West,Mountain,75886044,1398.333533,,,,,
ClevelandOH,0,396815,390113,-0.016889483,Mayor-Council,26217,0.320359593,0.596041437,Midwest,East North Central,201255242,1938.3992,7172,34544545,663,522605,7376
ColumbiaMO,0,108500,115276,0.062451613,Council-Manager,43262,0.21567322,0.215502272,Midwest,West North Central,167264136,689.1853972,1310,5356939,426,430497,1510
ColumbusGA,0,189885,202824,0.068141243,Mayor-Council,41339,0.169080118,0.535288717,South,South Atlantic,560530243,361.8430986,2859,10065677,411,518435,3097
Coral SpringsFL,0,121096,126604,0.045484574,Council-Manager,64753,0.090268554,0.291093006,South,South Atlantic,61625913,2054.395527,802,4615732,178,221609,884
Des MoinesIA,1,203433,207510,0.020040996,Council-Manager,45836,0.165109656,0.220081299,Midwest,West North Central,230329957,900.9249283,1732,9846225,198,239028,1832
DowneyCA,0,111772,113242,0.013151773,Council-Manager,60939,0.110652162,0.400751331,West,Pacific,32136795,3523.749024,,,,,
ElginIL,0,108188,110145,0.018088882,Council-Manager,58675,0.126191669,0.342280901,Midwest,East North Central,96735384,1138.621624,,,,,
ElizabethNJ,0,124969,127558,0.020717138,Mayor-Council,44110,0.165917323,0.494137646,Northeast,Middle Atlantic,31904152,3998.162998,1309,8160790,252,207074,1402
Elk GroveCA,0,153015,161007,0.052230174,Council-Manager,77791,0.089880914,0.546874799,West,Pacific,109287233,1473.246193,,,,,
EriePA,0,101786,100671,-0.010954355,Mayor-Council,33049,0.246229916,0.236498756,Northeast,Middle Atlantic,49558861,2031.342084,,,,,
EvansvilleIN,0,117429,120310,0.024533974,Mayor-Council,35839,0.180619501,0.171428094,Midwest,East North Central,122628548,981.0929181,1185,5344531,208,150331,1246
FargoND,0,105549,113658,0.076826877,Council-Manager,45458,0.148960515,0.099925257,Midwest,West North Central,127339614,892.5580692,805,4197001,114,225322,871
Fort WorthTX,0,741206,792727,0.069509691,Council-Manager,51315,0.174206272,0.354411819,Midwest,West South Central,886358566,894.3637828,6104,32038473,561,498397,6340
FullertonCA,0,135161,138981,0.028262591,Council-Manager,67384,0.145264883,0.449408202,West,Pacific,58100816,2392.066232,,,,,
GainesvilleFL,0,124354,127488,0.025202245,Council-Manager,32492,0.302594461,0.337820335,South,South Atlantic,160466620,794.4829897,2033,9915896,152,184808,2108
Garden GroveCA,0,170883,175140,0.024911782,Council-Manager,59648,0.156263565,0.561564951,West,Pacific,46508935,3765.728026,,,,,
GilbertAZ,0,208453,229972,0.103231904,Mayor-Council,80355,0.062545495,0.162117552,West,Mountain,176107153,1305.86405,1115,6399993,133,116999,1157
GlendaleAZ,0,226721,234632,0.034893107,Council-Manager,47474,0.187109591,0.23760362,West,Mountain,153287936,1530.661878,,,,,
GreensboroNC,0,269666,279639,0.036982786,Council-Manager,41120,0.183850118,0.50622191,South,South Atlantic,328101989,852.2929131,2907,11329584,404,307742,3053
GreshamOR,0,105594,109397,0.036015304,Council-Manager,47417,0.178122318,0.198682787,West,Pacific,60299176,1814.237064,500,3655334,30,44926,510
HartfordCT,1,124775,125017,0.001939491,Mayor-Council,29430,0.294989211,0.651082874,Northeast,New England,45016120,2777.160715,5160,26150349,697,1979749,5678
HendersonNV,0,257729,270811,0.050758743,Council-Manager,64489,0.092558589,0.212469412,West,Mountain,271065144,999.0624246,1844,13102331,989,797673,2295
HuntsvilleAL,0,180105,186254,0.034141195,Mayor-Council,48881,0.151516315,0.375839883,South,East South Central,551710842,337.5935106,2516,11885276,285,267179,2655
Kansas CityKS,0,145786,148483,0.018499719,Commission,38293,0.228242405,0.401416282,Midwest,West North Central,323260926,459.3286353,,,,,
KnoxvilleTN,0,178874,183270,0.024575958,Mayor-Council,33595,0.204247083,0.222164464,South,East South Central,255169381,718.2288066,2448,11002759,262,187455,2524
LafayetteLA,0,120623,124276,0.03028444,Mayor-Council,46288,0.176708276,0.355883582,Midwest,West South Central,139368838,891.7057915,3215,11132812,263,288538,3366
LakewoodCO,0,142980,147214,0.029612533,Council-Manager,56492,0.115415485,0.124693835,West,Mountain,111039035,1325.786018,,,,,
LincolnNE,1,258379,268738,0.040092268,Mayor-Council,49113,0.146170411,0.128260248,Midwest,West North Central,236959636,1134.108764,2412,13398770,448,498862,2587
Long BeachCA,0,462257,469428,0.015513015,Council-Manager,52711,0.187916824,0.472246812,West,Pacific,130317968,3602.17403,4770,34883413,1011,1782926,5309
MadisonWI,1,233209,243344,0.043458872,Mayor-Council,53464,0.179106552,0.197396744,Midwest,East North Central,199072079,1222.391413,2538,11739534,508,630147,2743
ManchesterNH,0,109565,110378,0.007420253,Mayor-Council,54496,0.129422787,0.137290571,Northeast,New England,85730175,1287.504662,2915,14341127,524,603915,3159
MobileAL,0,195111,194899,-0.001086561,Mayor-Council,38644,0.206118412,0.546013653,South,East South Central,360423556,540.7498948,2754,9697624,293,353675,2908
MurrietaCA,0,103466,107479,0.038785688,Council-Manager,74496,0.064780464,0.333903848,West,Pacific,86975463,1235.739326,,,,,
NapervilleIL,0,141853,144864,0.021226199,Council-Manager,108302,0.0392814,0.248067699,Midwest,East North Central,100155901,1446.385071,956,6421556,227,388208,1082
New HavenCT,0,129779,130660,0.006788463,Mayor-Council,37428,0.233960932,0.55407479,Northeast,New England,48407373,2699.175599,5356,23681042,1447,997608,5665
NewarkNJ,0,277140,278427,0.004643862,Mayor-Council,33960,0.257851794,0.741286501,Northeast,Middle Atlantic,62658783,4443.543054,3667,15110035,249,236802,3761
PeoriaIL,0,115007,116513,0.013094855,Council-Manager,45270,0.197070999,0.365744029,Midwest,East North Central,124891316,932.9151436,719,4713074,80,133023,754
PittsburghPA,0,305704,305841,0.000448146,Mayor-Council,39195,0.200593344,0.336444903,Northeast,Middle Atlantic,143423857,2132.427662,3208,20032133,273,261466,3329
PomonaCA,0,149058,151348,0.015363147,Council-Manager,49474,0.197865419,0.373691719,West,Pacific,59446735,2545.943019,,,,,
PortlandOR,0,583776,609456,0.043989475,Commission,52657,0.167018953,0.226144173,West,Pacific,345681120,1763.058393,5299,35472315,1284,1369183,5711
RiversideCA,0,303871,316619,0.041952013,Council-Manager,55636,0.172977519,0.330283034,West,Pacific,210250843,1505.910728,2178,14075469,582,436426,2353
RochesterNY,0,210565,210358,-0.000983069,Mayor-Council,30875,0.293109997,0.549196673,Northeast,Middle Atlantic,92673587,2269.880845,8326,45257145,2263,3385663,9295
RockfordIL,0,152871,150251,-0.017138633,mayor-Council,38067,0.22885801,0.31687021,Midwest,East North Central,164313039,914.4192142,,,,,
SacramentoCA,1,466488,479686,0.02829226,Council-Manager,49753,0.20146688,0.496681705,West,Pacific,253621861,1891.34327,3549,23331012,625,924681,3854
Salt Lake CityUT,1,186440,191180,0.025423729,Mayor-Council,45862,0.184420195,0.23622177,West,Mountain,288044514,663.7168587,,,,,
Santa AnaCA,0,324528,334227,0.029886481,Mayor-Council,53335,0.194667786,0.545535853,West,Pacific,70306781,4753.837329,998,8556116,401,467536,1144
ScottsdaleAZ,0,217385,226918,0.043853072,Council-Manager,72154,0.083255379,0.101855994,West,Mountain,476404006,476.3142147,2177,12468652,418,536876,2382
South BendIN,0,101168,100886,-0.002787443,Mayor-Council,34502,0.254255773,0.366338499,Midwest,East North Central,107087887,942.0860083,1189,5398279,159,149334,1259
SpokaneWA,0,208916,210721,0.008639836,Mayor-Council,42092,0.175555428,0.132734702,West,Pacific,178034003,1183.599742,1936,12282501,270,313104,2058
SpringfieldMO,0,159498,164122,0.028990959,Council-Manager,32333,0.223979304,0.108655057,Midwest,West North Central,212600692,771.9730282,2586,14285488,566,611594,2876
StamfordCT,0,126456,126456,0,Mayor-Council,76779,0.103407395,0.398193476,Northeast,New England,97430572,1297.908833,3312,23196822,558,840767,3534
TallahasseeFL,1,181376,186411,0.027760012,Council-Manager,39524,0.270325314,0.430401115,South,South Atlantic,260089717,716.71807,2774,13663286,732,705842,3078
TopekaKS,1,127473,127679,0.001616028,Council-Manager,40826,0.189257591,0.225285015,Midwest,West North Central,157624601,810.0194969,1180,5532864,16,9217,1184
Virginia BeachVA,0,437994,448479,0.023938684,Council-Manager,65219,0.070751847,0.31394026,South,South Atlantic,646847466,693.3303809,15602,61428826,4250,4404690,17767
WashingtonDC,0,601723,646449,0.074329883,Mayor-Council,65830,0.167510264,0.599366131,South,South Atlantic,158364990,4082.019643,,,,,
WichitaKS,0,382368,386552,0.010942338,Council-Manager,46011,0.158265638,0.252789267,Midwest,West North Central,413834285,934.0743723,,,,,
AnchorageAK,0,291826,300950,0.031265206,Mayor-Council,77454,0.070628004,0.337748995,West,Pacific,4420344241,68.08293282,8492,48730023,1721,1655687,9132
AuroraIL,0,197899,199963,0.010429563,Mayor-Council,62493,0.129278504,0.446780995,Midwest,East North Central,116273605,1719.762624,,,,,
BellevueWA,0,122363,133992,0.095036898,Council-Manager,90333,0.073996393,0.38140532,West,Pacific,86712345,1545.247104,1241,9336200,253,334156,1325
BostonMA,1,617594,645966,0.045939565,Mayor-Council,53601,0.193293832,0.462931235,Northeast,New England,125253404,5157.273011,18691,114710350,2167,4171019,19837
CambridgeMA,0,105162,107289,0.020225937,Council-Manager,72529,0.121972441,0.32567597,Northeast,New England,16549500,6482.914892,5175,25759645,2187,5647844,6262
CharlotteNC,0,731424,792862,0.083997791,Council-Manager,52375,0.156517158,0.476062952,South,South Atlantic,790235666,1003.323482,7010,35244932,593,828656,7259
ChattanoogaTN,0,167674,173366,0.033946825,Mayor-Council,38064,0.216821541,0.407093265,South,East South Central,370533440,467.8821971,2864,11597472,315,301958,3009
DaytonOH,0,141527,143355,0.012916263,Commission-Manager,28456,0.292019296,0.454261534,Midwest,East North Central,144178825,994.2860888,1914,9836907,17,37138,1928
DentonTX,0,113383,123099,0.085691859,Council-Manager,48182,0.180346919,0.242164638,Midwest,West South Central,241331288,510.0830523,1269,6895900,169,124663,1330
DenverCO,1,600158,649495,0.082206686,Mayor-Council,50313,0.17481919,0.259371513,West,Mountain,397136421,1635.445569,11677,69527727,1824,2220204,12136
Ft LauderdaleFL,0,165521,172389,0.041493224,Council-Manager,49119,0.192956234,0.376950588,South,South Atlantic,89608445,1923.803052,,,,,
Green BayWI,0,104057,104779,0.006938505,Mayor-Council,42427,0.155613882,0.170691521,Midwest,East North Central,117673093,890.4244575,832,4189486,155,96665,877
IndependenceMO,0,116830,117240,0.003509373,Mayor-Council,44261,0.155106476,0.15527759,Midwest,West North Central,201518039,581.7841449,997,5568259,56,71389,1023
JacksonMS,1,173514,172638,-0.005048584,Mayor-Council,32708,0.270705817,0.817715248,South,East South Central,287614768,600.2403882,,,,,
Jersey CityNJ,0,247597,257342,0.039358312,Mayor-Council,58206,0.169019176,0.648152489,Northeast,Middle Atlantic,38317146,6716.105631,2757,19421383,388,407709,2945
Kansas CityMO,0,459787,467007,0.015702923,Council-Manager,45275,0.174530363,0.400490508,Midwest,West North Central,815774189,572.4709194,6436,19002118,65,86288,6481
LansingMI,1,114297,113972,-0.002843469,Mayor-Council,36054,0.267952465,0.379990199,Midwest,East North Central,101329836,1124.762503,1459,8492321,87,66744,1495
Las VegasNV,0,583756,603488,0.033801794,Council-Manager,51143,0.157696755,0.322783248,West,Mountain,346013630,1744.116265,2414,17768823,611,534452,2682
LexingtonKY,0,295803,308428,0.042680433,Mayor-Council,48398,0.170291481,0.238044428,South,East South Central,734657049,419.8258227,,,,,
Little RockAR,1,193524,197357,0.019806329,Mayor-Council,44896,0.169991594,0.483869149,Midwest,West South Central,307488261,641.8358846,2770,12270386,508,422374,3007
LouisvilleKY,0,597337,609893,0.02101996,Mayor-Council,44159,0.167924124,0.285154361,South,East South Central,159116435,3832.998144,,,,,
MesaAZ,0,439041,457587,0.042242069,Mayor-Council,48547,0.144759979,0.163914255,West,Mountain,357081419,1281.464046,3485,20805278,254,216669,3560
MilwaukeeWI,0,594833,599164,0.007281035,Mayor-Council,35467,0.261997891,0.525791379,Midwest,East North Central,249133768,2404.989114,6362,34030437,391,424992,6503
New OrleansLA,0,343829,378715,0.101463227,Mayor-Council,37146,0.249086168,0.663634097,Midwest,West South Central,438792720,863.0840548,,,,,
OaklandCA,0,390724,406253,0.039744167,Mayor-Council,52583,0.193201196,0.606469342,West,Pacific,144762241,2806.346442,3462,29899712,1184,1697135,4021
PasadenaCA,0,137122,139731,0.019026852,Council-Manager,69302,0.125054346,0.362902525,West,Pacific,59524678,2347.44655,1640,12823924,293,578533,1824
ProvidenceRI,1,178042,177994,-0.000269599,Mayor-Council,37632,0.252954127,0.507228063,Northeast,New England,47655935,3734.980753,4490,23728932,524,748424,4695
RaleighNC,1,403892,431746,0.06896398,Council-Manager,54448,0.143041517,0.396060599,South,South Atlantic,374387160,1153.207284,3618,14776250,1389,652139,3995
RichmondCA,0,103701,107571,0.03731883,Council-Manager,54589,0.168968465,0.550379939,West,Pacific,77834895,1382.040793,735,6978808,162,232950,820
San FranciscoCA,0,805235,837442,0.03999702,Mayor-Council,75604,0.12962186,0.496562084,West,Pacific,121455687,6895.041481,26628,241578247,5275,24688376,30765
San JoseCA,0,945942,998537,0.055600661,Council-Manager,81829,0.114992935,0.540645452,West,Pacific,459749746,2171.914196,4299,31365579,1368,1765828,4804
SeattleWA,0,608660,652405,0.071870995,Mayor-Council,65277,0.128001332,0.294254187,West,Pacific,217138889,3004.551617,9837,75660870,2071,6057161,11111
St. LouisMO,0,319294,318416,-0.002749817,Mayor-Council,34582,0.249533633,0.550695239,Midwest,West North Central,160458041,1984.419092,,,,,
St. PaulMN,0,285068,294873,0.034395302,Mayor-Council,47010,0.208454235,0.389238994,Midwest,West North Central,134624449,2190.337656,,,,,
SyracuseNY,0,145170,144669,-0.003451126,Mayor-Council,31365,0.293784803,0.437516409,Northeast,Middle Atlantic,64867329,2230.229026,5064,29857045,690,699844,5267
TacomaWA,0,198397,203446,0.025448974,,50503,0.164478073,0.335845488,West,Pacific,128820544,1579.297787,3354,24140084,61,116965,3383
TucsonAZ,0,520116,526116,0.011535888,Council-Manager,37032,0.226705499,0.243184311,West,Mountain,597790363,880.1011735,4591,22247385,529,502308,4825
TulsaOK,0,391906,398121,0.015858395,Mayor-Council,41241,0.181829727,0.333510283,Midwest,West South Central,509834954,780.8821205,3780,17401518,85,93066,3826
VictorvilleCA,0,115903,121096,0.044804707,Council-Manager,50034,0.224430247,0.399962569,West,Pacific,189919736,637.6167246,297,1645493,30,43746,318
WacoTX,0,124805,129030,0.03385281,Council-Manager,32650,0.269615366,0.315602107,Midwest,West South Central,230561143,559.6346302,1454,5976980,123,159044,1528
AbileneTX,0,117063,120099,0.025934753,Council-Manager,42559,0.159662883,0.205302328,Midwest,West South Central,276322592,434.6332999,1110,4699488,119,96718,1164
AkronOH,0,199110,198100,-0.005072573,Mayor-Council,33909,0.249073041,0.375827731,Midwest,East North Central,160664031,1233.007779,1830,9053878,299,335227,1960
AmarilloTX,0,190695,196429,0.030068958,Council-Manager,45984,0.159578158,0.172516088,Midwest,West South Central,260641062,753.6379667,2171,7875726,0,0,2171
AnaheimCA,0,336265,345012,0.026012223,Council-Manager,59165,0.147785381,0.373625695,West,Pacific,129438072,2665.459974,1684,14832246,1064,1580700,2234
Ann ArborMI,0,113934,117025,0.027129742,Council-Manager,55003,0.194995274,0.271522834,Midwest,East North Central,72195955,1620.935688,,,,,
AntiochCA,0,102372,107100,0.046184504,Mayor-Council,65254,0.137271111,0.489325708,West,Pacific,76173197,1406.006367,,,,,
ArlingtonTX,0,365438,379577,0.038690558,Council-Manager,52933,0.152168116,0.346828563,Midwest,West South Central,248370109,1528.271665,2328,12149282,557,437187,2504
ArvadaCO,0,106433,111707,0.049552301,Council-Manager,68210,0.079981533,0.090046168,West,Mountain,99284084,1125.12495,529,3037962,14,38326,536
AthensGA,0,118999,119980,0.008243767,Council-Manager,32853,0.323306355,0.346304427,South,South Atlantic,301368174,398.1176858,,,,,
AugustaGA,0,195844,197350,0.007689794,Mayor- Commission,37560,0.223564755,0.608060287,South,South Atlantic,783379797,251.9212274,,,,,
BakersfieldCA,0,347483,363630,0.04646846,Council-Manager,56204,0.184671793,0.344802475,West,Pacific,385366775,943.5945795,1470,9385973,135,92204,1511
BeaumontTX,0,118296,117796,-0.004226686,Council-Manager,39526,0.203042272,0.568361736,Midwest,West South Central,212725359,553.7468619,1215,7278221,143,114627,1279
BillingsMT,0,104170,109059,0.046932898,Mayor-Council,48908,0.126029623,0.104473664,West,Mountain,112065981,973.1677627,849,3750286,66,64927,877
Broken ArrowOK,0,98832,103500,0.047231666,,65484,0.071697324,0.20743749,Midwest,West South Central,159645644,648.3108302,659,3190907,12,17336,667
BrownsvilleTX,0,175023,181860,0.039063437,Council-Manager,32105,0.322866222,0.084304958,Midwest,West South Central,343086699,530.0700975,1638,6291854,133,149013,1713
BurbankCA,0,103340,104709,0.013247532,Council-Manager,66240,0.092267694,0.248810785,West,Pacific,44915467,2331.245938,1163,10669684,316,439203,1296
CaguasPR,0,142893,142893,0,Mayor-Council,22348,0.376390702,0.204656232,South,Territory,28264518,5055.561181,,,,,
CarlsbadCA,0,105328,110972,0.053584992,Mayor-Council,83908,0.102770556,0.1497386,West,Pacific,97713477,1135.687762,624,4598329,345,376460,771
CarrolltonTX,0,119097,126700,0.06383872,Council-Manager,68811,0.087413243,0.318530662,Midwest,West South Central,93959417,1348.454514,777,3769825,59,83822,812
CaryNC,0,135234,151088,0.117233832,Council-Manager,90250,0.056528324,0.267424907,South,South Atlantic,143873655,1050.143614,1121,5595890,290,254766,1279
Cedar RapidsIA,0,126326,128429,0.016647404,Council-Manager,52216,0.108962486,0.128009732,Midwest,West North Central,183346585,700.4711869,1256,6463843,152,152944,1315
ChandlerAZ,0,236123,249146,0.055153458,Council-Manager,71083,0.08446428,0.221617115,West,Mountain,167808229,1484.706689,1513,9375723,296,304765,1632
CharlestonSC,0,120083,127999,0.065921071,Mayor-Council,51737,0.174896769,0.295667129,South,South Atlantic,282372682,453.2980991,1960,7936279,119,125131,2020
ChesapeakeVA,0,222209,230571,0.037631239,Council-Manager,69743,0.078010789,0.372828539,South,South Atlantic,882668771,261.2202987,8564,32752111,697,773119,8882
Chula VistaCA,0,243916,256780,0.052739468,Council-Manager,64801,0.110829356,0.318220667,West,Pacific,128544440,1997.597096,1053,7724510,224,235865,1132
CincinnatiOH,0,296943,297517,0.001933031,Mayor-Council,34116,0.270991082,0.491670873,Midwest,East North Central,200434440,1484.360672,4771,26156600,413,495340,4999
ClarksvilleTN,0,132929,142357,0.07092508,Mayor-Council,47092,0.160530825,0.329213606,South,East South Central,254527987,559.2980233,1030,3645664,149,105801,1087
ClearwaterFL,0,107685,109703,0.018739843,Council-Manager,42158,0.151523247,0.167303848,South,South Atlantic,66884149,1640.194301,1518,6818857,280,255710,1638
College StationTX,0,94063,100050,0.063648831,Council-Manager,31596,0.311802083,0.20875,Midwest,West South Central,131158829,762.8155936,803,3640491,79,44730,825
Colorado SpringsCO,0,416427,439886,0.056334003,Mayor-Council,53962,0.125299139,0.199224997,West,Mountain,505601886,870.0244445,7333,40590079,1400,3581140,8120
ColumbiaSC,1,129272,133358,0.031607773,Council-Manager,41344,0.17395652,0.488504168,South,South Atlantic,345606703,385.8663586,2226,7186255,61,74441,2264
ColumbusOH,1,787033,822553,0.045131526,Mayor-Council,44072,0.202133666,0.377801982,Midwest,East North Central,564916690,1456.060716,7974,45926451,595,762488,8239
ConcordCA,0,122067,125880,0.031236944,Council-Manager,65798,0.11298905,0.303296188,West,Pacific,79108533,1591.231631,,,,,
CoronaCA,0,152374,159503,0.046786197,Council-Manager,77123,0.100955375,0.301951336,West,Pacific,100584520,1585.76091,597,4842682,201,262929,699
Corpus ChristiTX,0,305215,316381,0.036584047,Council-Manager,47481,0.164304693,0.153094083,Midwest,West South Central,451787003,700.2879629,2637,12060259,294,183030,2715
Costa MesaCA,0,109960,112174,0.020134594,Council-Manager,65830,0.141687186,0.329157309,West,Pacific,40723584,2754.521802,392,3922252,181,310089,486
Daly CityCA,0,101123,104739,0.035758433,Council-Manager,74436,0.082364407,0.75506067,West,Pacific,19788422,5292.94352,455,3660617,188,192277,528
DavenportIA,0,99687,102157,0.024777554,,44817,0.162970844,0.184817629,Midwest,West North Central,162894540,627.1358144,767,4115818,272,235452,870
DetroitMI,0,713777,688701,-0.035131421,Mayor-Council,26325,0.362864619,0.882014482,Midwest,East North Central,359360867,1916.460759,11811,56407153,141,289818,11910
DurhamNC,0,228330,245475,0.075088687,Council-Manager,49160,0.178484774,0.537680592,South,South Atlantic,283183192,866.8417015,2164,9123857,214,220503,2241
El CajonCA,0,99476,102211,0.027494069,,44112,0.243065911,0.24600855,West,Pacific,37498177,2725.759175,,,,,
El MonteCA,0,113475,115708,0.019678343,Council-Manager,39535,0.225273573,0.541359298,West,Pacific,24766390,4671.97682,,,,,
El PasoTX,0,649121,674433,0.038994271,Council-Manager,41406,0.198262699,0.18160549,Midwest,West South Central,664948797,1014.263058,5677,23692975,253,240934,5794
EscondidoCA,0,143911,148738,0.033541564,Council-Manager,49362,0.17388711,0.183382582,West,Pacific,95982072,1549.643563,718,4215484,354,449303,858
EugeneOR,0,156185,159190,0.019240004,Mayor-Council,42167,0.223439149,0.138541044,West,Pacific,114113687,1395.012327,1732,10790619,462,586830,1910
EverettWA,0,103019,105370,0.022821033,Mayor-Council,47482,0.15338055,0.234559941,West,Pacific,85760591,1228.652914,1083,7270344,133,220282,1160
FairfieldCA,0,105321,109320,0.037969636,Mayor-Council,64702,0.121708766,0.525442821,West,Pacific,105971205,1031.60099,,,,,
FayettevilleNC,0,200564,204408,0.019165952,Council-Manager,44900,0.152546405,0.53486159,South,South Atlantic,382659493,534.1772613,1994,8279700,99,61646,2025
FlintMI,0,102434,99763,-0.026075327,Mayor-Council,24834,0.372379463,0.603911499,Midwest,East North Central,86496980,1153.369748,3068,15992503,706,1911673,3522
FontanaCA,0,196069,203003,0.035365101,Council-Manager,64354,0.142683148,0.433711473,West,Pacific,111418803,1821.98152,524,4265207,490,551421,769
Fort WayneIN,0,253691,256496,0.011056758,Mayor-Council,43969,0.170283176,0.256643151,Midwest,East North Central,286488211,895.3108371,1927,9034972,145,137149,1997
FremontCA,0,214089,224922,0.050600451,Council-Manager,101535,0.057738848,0.695254203,West,Pacific,200632984,1121.061929,834,7481613,167,173208,894
FresnoCA,0,494665,509924,0.030847139,Mayor-Council,42015,0.261621464,0.468714246,West,Pacific,294152196,1733.537968,2952,18155050,412,631825,3208
FriscoTX,0,116989,136791,0.169263777,Council-Manager,108284,0.041710132,0.232462418,Midwest,West South Central,174859311,782.2917706,,,,,
Ft CollinsCO,0,143986,152061,0.056081841,Mayor-Council,53780,0.170376374,0.105174974,West,Mountain,143786342,1057.548289,,,,,
GarlandTX,0,226876,234566,0.033895167,Council-Manager,51842,0.148424908,0.550024546,Midwest,West South Central,147729310,1587.809488,1943,11171202,33,38338,1958
GlendaleCA,0,191719,196021,0.022439091,Council-Manager,53020,0.135209767,0.249181667,West,Pacific,78848696,2486.039845,,,,,
Grand PrairieTX,0,175396,183372,0.045474241,Council-Manager,53927,0.143051152,0.377777154,Midwest,West South Central,187094761,980.1022702,1134,6027154,203,139630,1208
Grand RapidsMI,0,188040,192294,0.022622846,Council-Manager,39227,0.239797612,0.306532796,Midwest,East North Central,115019766,1671.834387,1395,7340950,266,294649,1522
HamptonVA,0,137436,136699,-0.005362496,Council-Manager,50705,0.134180801,0.569886899,South,South Atlantic,133308914,1025.430302,4896,19584393,3040,1580719,5649
HaywardCA,0,144186,151574,0.051239371,Council-Manager,62013,0.132655627,0.620121906,West,Pacific,117943766,1285.137868,740,6903120,59,157479,772
HialeahFL,0,224669,233394,0.038834908,Council-Manager,29961,0.235329318,0.062587631,South,South Atlantic,55622907,4196.005074,,,,,
High PointNC,0,104371,107741,0.032288663,Mayor-Council,43083,0.193089489,0.459899927,South,South Atlantic,142817209,754.3978821,1398,5863648,160,176343,1460
HollywoodFL,0,140768,146526,0.040904183,Council-Manager,45585,0.146887411,0.281448703,South,South Atlantic,70639376,2074.282196,,,,,
HonoluluHI,1,337256,347884,0.031513153,Mayor-Council,59359,0.112670598,0.817909869,West,Pacific,156747181,2219.395576,9928,47956412,2008,690144,10195
Huntington BeachCA,0,189992,197575,0.039912207,Council-Manager,81389,0.084851214,0.222425814,West,Pacific,70213023,2813.936668,861,7170885,369,403207,1002
IndianapolisIN,1,820445,843393,0.027970187,Mayor-Council,41962,0.188651382,0.378903795,Midwest,East North Central,936287195,900.7845077,13579,59652968,1427,4300453,14463
InglewoodCA,0,109673,111542,0.017041569,Council-Manager,43394,0.207876294,0.722647737,West,Pacific,23485847,4749.328393,,,,,
IrvineCA,0,212375,236716,0.114613302,Council-Manager,90585,0.114595103,0.477890864,West,Pacific,169856563,1393.622924,700,7588971,569,929218,938
IrvingTX,0,216290,228653,0.057159369,Council-Manager,50778,0.147865578,0.417860506,Midwest,West South Central,173607797,1317.066422,1648,8586438,239,301073,1799
JacksonvilleFL,0,821784,842583,0.02530957,Mayor-Council,47557,0.157299863,0.395969247,South,South Atlantic,1935870907,435.2475142,9342,44974279,546,803549,9656
JolietIL,0,147433,147806,0.002529963,Council-Manager,61744,0.109169328,0.296509538,Midwest,East North Central,163957776,901.4881978,817,6202536,152,190553,887
KentWA,0,118590,124435,0.049287461,,57553,0.156115226,0.419919968,West,Pacific,87393046,1423.854708,568,3791002,159,227420,647
KilleenTX,0,127921,137147,0.072122638,Council-Manager,45895,0.148128958,0.505589125,Midwest,West South Central,138670239,989.0153864,1127,4425387,10,13386,1132
LakelandFL,0,97433,100710,0.033633369,,39513,0.171375164,0.257259776,South,South Atlantic,169965620,592.5315955,1996,10105093,277,287941,2107
LancasterCA,0,156633,159523,0.018450773,Council-Manager,50193,0.189663718,0.368391287,West,Pacific,244230402,653.1660215,,,,,
LaredoTX,0,236091,248142,0.051043877,Council-Manager,40041,0.276392377,0.0661223,Midwest,West South Central,253312707,979.5876525,2402,10601467,2,1981,2404
Las CrucesNM,0,97621,101324,0.037932412,,40040,0.210987438,0.120763011,West,Mountain,199270393,508.4749344,,,,,
LewisvilleTX,0,95309,101074,0.060487467,,58580,0.089091133,0.269417824,Midwest,West South Central,94986736,1064.085411,695,3567769,123,106932,739
LowellMA,0,106519,108861,0.021986688,Council-Manager,49452,0.1704353,0.419202352,Northeast,New England,35179749,3094.422305,2649,15136269,867,767599,2813
LubbockTX,0,229573,239538,0.043406672,,42986,0.193178991,0.227121057,Midwest,West South Central,317666300,754.0554349,2240,9434054,93,70848,2282
McAllenTX,0,129877,136639,0.052064646,Council-Manager,41163,0.247078225,0.124348625,Midwest,West South Central,127709196,1069.922952,1644,6566337,178,122836,1713
McKinneyTX,0,131117,148559,0.133026228,Mayor-Council,81118,0.081224617,0.202247844,Midwest,West South Central,163106079,910.8121592,825,4325029,71,71427,858
MemphisTN,0,646889,653450,0.010142389,Mayor-Council,36912,0.241530605,0.696323118,South,East South Central,822013063,794.9387053,9745,48255503,1224,2174542,10640
MesquiteTX,0,139824,143484,0.026175764,Council-Manager,50525,0.133455146,0.342292193,Midwest,West South Central,122329523,1172.930266,1021,5234174,135,120521,1081
MiamiFL,0,399457,417650,0.045544326,Mayor-Council,30375,0.276092814,0.250894421,South,South Atlantic,93199218,4481.260776,,,,,
Miami GardensFL,0,107167,111378,0.039293812,,42040,0.200879524,0.790352726,South,South Atlantic,47219353,2358.736258,,,,,
MidlandMI,0,111147,123933,0.115036843,Council-Manager,50928,0.131331103,0.092235428,Midwest,East North Central,88609800,1398.637622,317,1565387,131,188613,383
MinneapolisMN,0,382578,400070,0.045721395,Mayor-Council,49885,0.204203417,0.330454985,Midwest,West North Central,139888524,2859.920089,,,,,
MiramarFL,0,122041,130288,0.067575651,Council-Manager,62649,0.091369095,0.600104083,South,South Atlantic,76098449,1712.097969,771,4951492,125,199983,853
ModestoCA,0,201165,204933,0.018730893,Council-Manager,47060,0.191626075,0.276757029,West,Pacific,115823299,1769.35903,1054,7021076,248,260019,1155
MontgomeryAL,1,205764,201332,-0.021539239,Mayor-Council,43702,0.202627466,0.624057433,South,East South Central,413920794,486.4022367,2788,9895259,104,97825,2835
Moreno ValleyCA,0,193365,201175,0.040389936,Council-Manager,54918,0.182944852,0.438889285,West,Pacific,132800803,1514.862828,,,,,
MurfreesboroTN,0,108755,117044,0.076217185,Mayor-Council,49358,0.159434418,0.239102438,South,East South Central,144717170,808.7775625,1986,7662681,615,430955,2239
NashvilleTN,1,601222,634464,0.055290725,Mayor-Council,46686,0.167833237,0.38370618,South,East South Central,1232660435,514.7110932,,,,,
Newport NewsVA,0,180719,182020,0.007199022,Council-Manager,51027,0.133324127,0.491092391,South,South Atlantic,178332757,1020.676196,7546,30150334,1289,1480006,8256
NorfolkVA,0,242803,246139,0.013739534,,44747,0.162849769,0.518349789,South,South Atlantic,140080307,1757.127788,10949,43249321,1599,1534517,11756
NormanOK,0,110925,118197,0.065557809,Council-Manager,49038,0.158286664,0.190209507,Midwest,West South Central,463011592,255.2787059,2882,15564413,702,1406514,3201
North CharlestonSC,0,97690,104054,0.065144846,,39322,0.199854026,0.547101522,South,South Atlantic,190806989,545.3364185,1007,3786015,149,164697,1080
North Las VegasNV,0,216961,226877,0.045704067,,53751,0.145977927,0.475926727,West,Mountain,253858817,893.7132958,1012,7804454,394,204652,1150
NorwalkCA,0,105549,106589,0.009853244,,60770,0.121228998,0.495318105,West,Pacific,25145024,4238.969905,,,,,
OceansideCA,0,167086,172794,0.034162048,Council-Manager,58153,0.127403236,0.333994463,West,Pacific,106841894,1617.286942,972,5657464,0,0,972
OdessaTX,0,99875,110720,0.108585732,,52158,0.1318423,0.163927348,Midwest,West South Central,116994300,946.3708916,822,4037080,61,44954,842
Oklahoma CityOK,1,579999,610613,0.05278285,Council-Manager,45824,0.164021692,0.330439344,Midwest,West South Central,1571334365,388.5952052,4401,26124189,370,324564,4543
OlatheKS,0,125872,131885,0.047770751,Mayor-Council,76379,0.066700508,0.152549785,Midwest,West North Central,156601995,842.1667936,822,4171157,126,92085,861
OmahaNE,0,408958,434353,0.062096841,Mayor-Council,48052,0.149562484,0.240855008,Midwest,West North Central,344983630,1259.053944,2533,15361686,524,578814,2788
OntarioCA,0,163924,167500,0.021814987,Council-Manager,54249,0.167511557,0.419988896,West,Pacific,129329742,1295.139056,981,8412118,177,135034,1057
OrangeCA,0,136416,139969,0.026045332,Council-Manager,78838,0.107283386,0.365879463,West,Pacific,65677897,2131.143145,590,5204106,136,198068,654
OrlandoFL,0,238300,255483,0.072106588,Mayor-Council,42147,0.17603325,0.41052378,South,South Atlantic,272525073,937.4660364,2731,16310763,30,25304,2740
Overland ParkKS,0,173372,181260,0.045497543,Mayor-Council-Manager,71094,0.053467029,0.155937004,Midwest,West North Central,194561758,931.632207,,,,,
OxnardCA,0,197899,203007,0.025811146,Council-Manager,60784,0.151577861,0.276063014,West,Pacific,69672461,2913.733735,1129,8029279,380,737856,1367
Palm BayFL,0,103190,104898,0.016551991,Council-Manager,43076,0.169822976,0.248460454,South,South Atlantic,170217927,616.2570644,719,2957375,67,62796,744
PalmdaleCA,0,152750,157161,0.02887725,Council-Manager,53922,0.193040257,0.57310979,West,Pacific,274452756,572.6340748,,,,,
PasadenaTX,0,149043,152735,0.024771375,Mayor-Council,46058,0.19840833,0.244818782,Midwest,West South Central,112645407,1355.891945,935,4386024,108,141702,994
PatersonNJ,0,146199,145948,-0.001716838,Mayor-Council,32707,0.266001919,0.540398849,Northeast,Middle Atlantic,21800820,6694.61057,1483,8547396,292,367871,1590
PearlandTX,0,89894,100065,0.11314437,,92346,0.040872282,0.375980361,Midwest,West South Central,120033883,833.6396149,,,,,
Pembroke PinesFL,0,154750,162329,0.048975767,Council-Manager,62116,0.079784394,0.327661387,South,South Atlantic,85214050,1904.955814,672,4034894,103,140527,731
PeoriaAZ,0,154065,162592,0.055346769,Mayor-Council,62013,0.091764661,0.138311953,West,Mountain,455019478,357.3297581,1036,6118417,439,418205,1192
PlanoTX,0,259841,274409,0.056065055,Council-Manager,82484,0.072242633,0.30247432,Midwest,West South Central,185617084,1478.360688,2004,10740817,516,350187,2162
Pompano BeachFL,0,99844,104410,0.045731341,,40221,0.205810377,0.343482491,South,South Atlantic,62261568,1676.957445,676,3417102,198,274328,792
Port St. LucieFL,0,164603,171016,0.038960408,,48962,0.151517334,0.263296548,South,South Atlantic,307920854,555.3894703,,,,,
ProvoUT,0,112488,116288,0.033781381,Mayor-Council,39688,0.27956104,0.133982606,West,Mountain,107909745,1077.64132,600,2804088,412,307278,753
PuebloCO,0,106595,108249,0.015516675,Council-Manager,34663,0.212372823,0.251552188,West,Mountain,138802381,779.8785527,803,4288371,161,142995,870
Rancho CucamongaCA,0,165269,171386,0.037012386,Council-Manager,77835,0.062255951,0.347018952,West,Pacific,103562369,1654.906137,465,3102393,324,367916,614
RenoNV,0,225221,233294,0.035844792,Council-Manager,46770,0.170038784,0.203771636,West,Mountain,277850358,839.6390117,,,,,
RialtoCA,0,99170,101910,0.027629323,,49593,0.173946795,0.416246181,West,Pacific,57824783,1762.393125,,,,,
RichardsonTX,0,99223,104475,0.052931276,Council-Manager,69323,0.110728075,0.330362068,Midwest,West South Central,73976746,1412.26812,973,4790118,284,511838,1139
RichmondVA,1,204214,214114,0.048478557,Mayor-Council,40496,0.22870626,0.566057976,South,South Atlantic,154942137,1381.896521,8107,32242517,1719,2215915,8878
RochesterMN,0,106769,110742,0.037211176,Mayor-Council,62575,0.085774503,0.174017138,Midwest,West North Central,141424632,783.0460538,,,,,
RosevilleCA,0,118788,127035,0.069426205,Council-Manager,74114,0.078163538,0.204180631,West,Pacific,109329425,1161.947024,,,,,
Round RockTX,0,100002,109821,0.098188036,,69533,0.078966081,0.215316614,Midwest,West South Central,91887403,1195.169266,,,,,
SalemOR,1,154637,160614,0.03865181,Council-Manager,45971,0.164409922,0.191682013,West,Pacific,125786966,1276.873154,1109,6473780,137,226633,1181
SalinasCA,0,150441,155662,0.034704635,Council-Manager,49264,0.189352764,0.272371012,West,Pacific,61150707,2545.54702,467,3149318,160,194425,535
San BernardinoCA,0,209924,213708,0.018025571,Council-Manager,38385,0.293559245,0.490147876,West,Pacific,159326694,1341.31949,1067,6852431,165,252440,1168
San MateoCA,0,97207,101128,0.040336601,,85669,0.067818785,0.367369499,West,Pacific,31415730,3219.024355,,,,,
Santa ClaraCA,0,116468,120245,0.032429509,Council-Manager,91583,0.083935256,0.535856455,West,Pacific,47678887,2521.975817,848,8436361,325,486772,982
Santa ClaritaCA,0,176320,179590,0.018545826,Council-Manager,82607,0.088207435,0.260636199,West,Pacific,136573624,1314.968401,332,2462822,280,272800,449
Santa MariaCA,0,99456,102216,0.027750965,,50563,0.186496525,0.299874191,West,Pacific,59005327,1732.318168,439,3037630,174,268283,532
Santa RosaCA,0,167815,171990,0.024878587,Council-Manager,60354,0.124913464,0.234590693,West,Pacific,106947059,1608.178865,1109,8034850,250,322153,1211
SavannahGA,0,136286,142772,0.047591095,Council-Manager,35838,0.228061882,0.590173328,South,South Atlantic,267757183,533.2144535,2468,8928076,84,117598,2527
ShreveportLA,0,199311,200327,0.005097561,Mayor-Council,38633,0.19383205,0.589103953,Midwest,West South Central,277482832,721.9437634,,,,,
Simi ValleyCA,0,124237,126181,0.015647512,Council-Manager,87269,0.062746889,0.234417442,West,Pacific,107421128,1174.638568,559,3282170,38,34092,572
Sioux FallsSD,0,153888,164676,0.070102932,Mayor-Council,51672,0.100979864,0.136172507,Midwest,West North Central,194066525,848.554381,1128,5605471,314,328487,1259
SpringfieldIL,1,116250,117006,0.006503226,Mayor-Council,49317,0.159594832,0.245341002,Midwest,East North Central,155139061,754.2007747,1414,8658963,0,0,1414
SpringfieldMA,0,153060,153703,0.004200967,Mayor-Council,34311,0.261041009,0.474971974,Northeast,New England,82539279,1862.180066,5871,28318797,370,467863,6052
St. PetersburgFL,0,244769,249688,0.020096499,Mayor-Council,45044,0.156644043,0.312906966,South,South Atlantic,159935822,1561.176207,,,,,
Sterling HeightsMI,0,129699,131224,0.011757994,Council-Manager,57075,0.122541453,0.144076062,Midwest,East North Central,94553340,1387.830403,481,3080514,202,225882,562
StocktonCA,0,291707,298118,0.021977532,Council-Manager,46831,0.220192523,0.553674178,West,Pacific,159717208,1866.53651,1308,8620392,311,286778,1416
SunnyvaleCA,0,140081,147559,0.0533834,Council-Manager,100043,0.075770157,0.543362523,West,Pacific,56936611,2591.636513,777,7086915,267,369758,872
SurpriseAZ,0,117517,123546,0.051303216,Mayor-Council,58455,0.087393925,0.140625,West,Mountain,279333692,442.2882149,654,3754888,170,180693,738
TampaFL,0,335709,352957,0.05137783,Mayor-Council,43242,0.194703986,0.358727398,South,South Atlantic,293748389,1201.562334,,,,,
TemeculaCA,0,100097,106780,0.066765238,Council-Manager,78356,0.080649091,0.285453925,West,Pacific,96376415,1107.947416,,,,,
TempeAZ,0,161719,168228,0.040248827,Mayor-Council,47941,0.198206893,0.245996771,West,Mountain,103566265,1624.351327,1483,9382078,643,668080,1742
ThorntonCO,0,118772,127359,0.072298185,Council-Manager,64525,0.087239562,0.167788596,West,Mountain,92445001,1377.673196,,,,,
Thousand OaksCA,0,126683,128731,0.016166336,Council-Manager,100476,0.065148089,0.216660385,West,Pacific,142919822,900.7218047,347,2421380,190,234104,426
ToledoOH,0,287208,282313,-0.017043397,Mayor-Council,33317,0.245947754,0.348589465,Midwest,East North Central,209065315,1350.357901,2754,12954252,27,45314,2767
TorranceCA,0,145438,147478,0.014026596,Council-Manager,77061,0.071661639,0.491979451,West,Pacific,53038407,2780.588791,1181,9655688,499,634137,1394
TylerTX,0,96945,100223,0.033812987,Council-Manager,43289,0.179702039,0.306371078,Midwest,West South Central,146667947,683.3326712,782,3715104,70,42106,803
VallejoCA,0,115942,118837,0.024969381,Council-Manager,58371,0.159738296,0.590080202,West,Pacific,79438815,1495.956353,,,,,
VancouverWA,0,161791,167405,0.034699087,Council-Manager,48979,0.154913443,0.193576299,West,Pacific,121398815,1378.967332,,,,,
VenturaCA,0,106433,108817,0.022399068,Council-Manager,65137,0.09937611,0.217180686,West,Pacific,56504587,1925.808253,,,,,
VisaliaCA,0,124442,127763,0.026687131,Council-Manager,52899,0.174809963,0.197311597,West,Pacific,97057457,1316.364594,,,,,
WarrenMI,0,134056,134873,0.006094468,Mayor-Council,43962,0.170112222,0.227436447,Midwest,East North Central,89052398,1514.535296,713,4055744,343,479840,887
WaterburyCT,0,110366,109676,-0.006251925,Mayor-Council,40639,0.214307782,0.400964998,Northeast,New England,73880017,1484.515089,3803,19738264,815,1315007,4268
West CovinaCA,0,106098,107740,0.015476258,Council-Manager,67088,0.095829703,0.630191791,West,Pacific,41546641,2593.2301,,,,,
West JordanUT,0,103712,110077,0.061371876,Council-Manager,67308,0.080768578,0.110801184,West,Mountain,83717638,1314.860317,409,2003163,110,61144,443
West Palm BeachFL,0,99923,102436,0.025149365,Mayor-Council,44897,0.179860684,0.367103931,South,South Atlantic,142947183,716.6003404,1324,7439546,149,156164,1386
West Valley CityUT,0,129480,133579,0.031657399,Mayor-Council,52389,0.171717249,0.27283844,West,Mountain,91854060,1454.252539,618,2936415,240,153844,703
WestminsterCO,0,106114,110945,0.045526509,Council-Manager,64884,0.099220673,0.154125248,West,Mountain,82064751,1351.920266,802,4827184,402,562722,975
Wichita FallsTX,0,104553,104898,0.003299762,Council-Manager,44028,0.146069999,0.222993812,Midwest,West South Central,187027492,560.8694149,1179,4937512,159,54826,1206
WilmingtonNC,0,106476,112067,0.052509486,Mayor-Council,41573,0.211600479,0.247378605,South,South Atlantic,133663627,838.4255501,954,3990722,60,62128,981
Winston-SalemNC,0,229617,236441,0.029719054,Council-Manager,40148,0.205474143,0.436389787,South,South Atlantic,343172896,688.9850648,2259,7940547,175,199593,2378
WorcesterMA,0,181045,182544,0.008279709,Council-Manager,45932,0.187799957,0.262703339,Northeast,New England,96758255,1886.59872,5086,32586814,2959,3887923,6076
YonkersNY,0,195976,199766,0.019339103,Mayor-Council,59195,0.141620209,0.443058741,Northeast,Middle Atlantic,46651457,4282.095627,4890,37235923,1406,3164971,5902